{
  "books": [
    {
      "id": "1",
      "title": "The Legend of Hyrule",
      "author": "Zelda",
      "year": 2020,
      "genre": "Fantasy"
    },
    {
      "id": "2",
      "title": "The Hero’s Journey",
      "author": "Link",
      "year": 2022,
      "genre": "Adventure"
    },
    {
      "id": "3",
      "title": "Chronicles of Ganon",
      "author": "Ganondorf",
      "year": 2021,
      "genre": "Epic"
    },
    {
      "id": "6996",
      "title": "",
      "author": "",
      "year": 0,
      "genre": "Adventure"
    }
  ]
}